{
  "$schema": "https://schema.management.azure.com/schemas/2019-04-01/deploymentTemplate.json#",
  "contentVersion": "1.0.0.0",
  "parameters": {
    "location": {
      "type": "string",
      "defaultValue": "[resourceGroup().location]",
      "metadata": {
        "description": "The location where the resources will be deployed."
      }
    },
    "vaultName": {
      "type": "string",
      "metadata": {
        "description": "The name of the keyvault that contains the secret."
      }
    },
    "synapseWorkspaceName": {
      "type": "string",
      "metadata": {
        "description": "The name of the Database"
      }
    },
    "synapseStorageAccount": {
      "type": "string"
    },
    "synapseStorageAccountFilesystem": {
      "type": "string"
    },
    "adminPasswordsecretName": {
      "type": "string",
      "metadata": {
        "description": "The name of the Password secret."
      }
    },
    "adminLoginUsersecretName": {
      "type": "string",
      "metadata": {
        "description": "The name of the LoginUser secret."
      }
    },
    "vaultResourceGroupName": {
      "type": "string",
      "metadata": {
        "description": "The name of the resource group that contains the keyvault."
      }
    },
    "vaultSubscription": {
      "type": "string",
      "defaultValue": "[subscription().subscriptionId]",
      "metadata": {
        "description": "The name of the subscription that contains the keyvault."
      }
    }
  },
  "resources": [
    {
      "type": "Microsoft.Resources/deployments",
      "apiVersion": "2018-05-01",
      "name": "dynamicSecret",
      "properties": {
        "mode": "Incremental",
        "expressionEvaluationOptions": {
          "scope": "inner"
        },
        "template": {
          "$schema": "https://schema.management.azure.com/schemas/2019-04-01/deploymentTemplate.json#",
          "contentVersion": "1.0.0.0",
          "parameters": {
            "adminLoginUser": {
              "type": "securestring"
            },
            "adminPassword": {
              "type": "securestring"
            },
            "databaseCollation": {
              "type": "string",
              "minLength": 1,
              "defaultValue": "SQL_Latin1_General_CP1_CI_AS"
            },
            "synapseWorkspaceName": {
              "type": "string",
              "metadata": {
                "description": "The name of the Database"
              }
            },
                        "synapseStorageAccount": {
              "type": "string"
            },
            "synapseStorageAccountFilesystem": {
              "type": "string"
            },
            "databaseEdition": {
              "type": "string",
              "defaultValue": "Basic",
              "allowedValues": [
                "Basic",
                "Standard",
                "Premium"
              ]
            },
            "transparentDataEncryption": {
              "type": "string",
              "allowedValues": [
                "Enabled",
                "Disabled"
              ],
              "defaultValue": "Enabled",
              "metadata": {
                "description": "Enable or disable Transparent Data Encryption (TDE) for the database."
              }
            },
            "databaseServiceObjectiveName": {
              "type": "string",
              "defaultValue": "Basic",
              "allowedValues": [
                "Basic",
                "S0",
                "S1",
                "S2",
                "P1",
                "P2",
                "P3"
              ],
              "metadata": {
                "description": "Describes the performance level for Edition"
              }
            },
            "location": {
              "type": "string"
            }
          },
          "resources": [
            {
                          "name": "[parameters('synapseWorkspaceName')]",
                          "type": "Microsoft.Synapse/workspaces",
                          "apiVersion": "2021-03-01",
                          "location": "[parameters('location')]",
                          "properties": {
                                "sqlAdministratorLoginPassword": "[parameters('adminPassword')]",
                                "sqlAdministratorLogin": "[parameters('adminLoginUser')]",
                                "defaultDataLakeStorage": {
                                  "accountUrl": "[concat('https://', parameters('synapseStorageAccount'), uniqueString(resourceGroup().id), '.dfs.core.windows.net')]",
                                  "filesystem": "[parameters('synapseStorageAccountFilesystem')]"
                }
            },
            "resources": [
                {
                  "type": "firewallrules",
                  "apiVersion": "2019-06-01-preview",
                  "name": "allowAll",
                  "location": "[parameters('location')]",
                  "dependsOn": [
                    "[concat('Microsoft.Synapse/workspaces/', parameters('synapseWorkspaceName'))]"
                    ],
                  "properties": {
                    "startIpAddress": "0.0.0.0",
                    "endIpAddress": "255.255.255.255"
                  }
                },
                {
                  "type": "firewallrules",
                  "apiVersion": "2019-06-01-preview",
                  "name": "AllowAllWindowsAzureIps",
                  "location": "[parameters('location')]",
                  "dependsOn": [
                    "[concat('Microsoft.Synapse/workspaces/', parameters('synapseWorkspaceName'))]"
                    ],
                  "properties": {
                    "startIpAddress": "0.0.0.0",
                    "endIpAddress": "0.0.0.0"
                  }
                },
                                {
                                  "type": "managedIdentitySqlControlSettings",
                                  "apiVersion": "2019-06-01-preview",
                                  "name": "default",
                                  "location": "[parameters('location')]",
                                  "dependsOn": [ "[parameters('synapseWorkspaceName')]" ],
                                  "properties": {
                                        "grantSqlControlToManagedIdentity": {
                                          "desiredState": "Enabled"
                                        }
                                        }
                                }
            ],
            "identity":{
                "type": "SystemAssigned"
            }
                }
          ]
        },
        "parameters": {
          "location": {
            "value": "[parameters('location')]"
          },
          "synapseWorkspaceName": {
            "value": "[parameters('synapseWorkspaceName')]"
          },
                  "synapseStorageAccount": {
            "value": "[parameters('synapseStorageAccount')]"
                  },
                  "synapseStorageAccountFilesystem": {
                        "value": "[parameters('synapseStorageAccountFilesystem')]"
                  },
          "adminLoginUser": {
            "reference": {
              "keyVault": {
                "id": "[resourceId(parameters('vaultSubscription'), parameters('vaultResourceGroupName'), 'Microsoft.KeyVault/vaults', parameters('vaultName'))]"
              },
              "secretName": "[parameters('adminLoginUsersecretName')]"
            }
          },
          "adminPassword": {
            "reference": {
              "keyVault": {
                "id": "[resourceId(parameters('vaultSubscription'), parameters('vaultResourceGroupName'), 'Microsoft.KeyVault/vaults', parameters('vaultName'))]"
              },
              "secretName": "[parameters('adminPasswordsecretName')]"
            }
          }
        }
      }
    }
  ],
  "outputs": {}
}